[{"id": 1, "BookName": "Al-Amali", "idRangeMin": 1, "idRangeMax": 387}, {"id": 2, "BookName": "Al-Khisal", "idRangeMin": 1, "idRangeMax": 1282}, {"id": 3, "BookName": "Al-Kafi-Volume-1", "idRangeMin": 1, "idRangeMax": 1}, {"id": 4, "BookName": "Al-Kafi-Volume-2", "idRangeMin": 1, "idRangeMax": 2342}, {"id": 5, "BookName": "Al-Kafi-Volume-3", "idRangeMin": 1, "idRangeMax": 2178}, {"id": 6, "BookName": "Al-Kafi-Volume-4", "idRangeMin": 1, "idRangeMax": 1}, {"id": 7, "BookName": "Al-Kafi-Volume-5", "idRangeMin": 1, "idRangeMax": 1}, {"id": 8, "BookName": "Al-Kafi-Volume-6", "idRangeMin": 1, "idRangeMax": 1}, {"id": 9, "BookName": "Al-Kafi-Volume-7", "idRangeMin": 1, "idRangeMax": 1}, {"id": 10, "BookName": "Al-Kafi-Volume-8", "idRangeMin": 1, "idRangeMax": 1}, {"id": 11, "BookName": "Al-Tawhid", "idRangeMin": 1, "idRangeMax": 575}, {"id": 12, "BookName": "Fadail-al-Shia", "idRangeMin": 1, "idRangeMax": 45}, {"id": 13, "BookName": "Kitab-al-Ghayba", "idRangeMin": 1, "idRangeMax": 1}, {"id": 14, "BookName": "Kitab-al-Ghayba", "idRangeMin": 1, "idRangeMax": 1}, {"id": 15, "BookName": "Kamil-al-Ziyarat", "idRangeMin": 1, "idRangeMax": 1}, {"id": 16, "BookName": "Mujam-al-Ahadith-al-Mutabara", "idRangeMin": 1, "idRangeMax": 555}, {"id": 17, "BookName": "Rijal-Ibn-al-Ghadairi", "idRangeMin": 1, "idRangeMax": 226}, {"id": 18, "BookName": "Thawab-al-Amal-wa-iqab-al-Amal", "idRangeMin": 1, "idRangeMax": 1}, {"id": 19, "BookName": "Uyun-akhbar-al-Rida-Volume-1", "idRangeMin": 1, "idRangeMax": 1}, {"id": 20, "BookName": "Uyun-akhbar-al-Rida-Volume-2", "idRangeMin": 1, "idRangeMax": 1}, {"id": 21, "BookName": "Sifat-al-Shia", "idRangeMin": 1, "idRangeMax": 1}]